<?xml version='1.0' encoding='UTF-8'?>
<package uuid="naocontroller-32feea">
 <names>
  <name lang="en_US">NAOController</name>
 </names>
 <supportedLanguages>
  <language>en_US</language>
 </supportedLanguages>
 <descriptionLanguages>
  <language>en_US</language>
 </descriptionLanguages>
 <contents>
  <behaviorContent path="behavior_1">
   <nature>interactive</nature>
   <names>
    <name lang="en_US">NAO Controller</name>
   </names>
   <triggerSentences>
    <sentence lang="en_US">ipad control</sentence>
   </triggerSentences>
   <loadingResponses/>
   <autonomous/>
   <permissions/>
  </behaviorContent>
 </contents>
</package>
